profissional,dia,turno,setor
0,0,1,3
0,2,0,4
0,3,0,0
0,4,1,2
0,5,0,3
0,6,1,3
0,7,2,4
0,8,1,0
0,10,0,0
0,11,0,4
0,12,1,0
0,13,0,4
0,14,1,5
0,15,0,3
0,16,0,0
0,17,0,0
0,18,2,0
0,19,2,0
0,21,0,0
0,24,0,3
0,25,0,0
0,26,0,0
0,27,0,4
0,28,2,2
1,1,0,4
1,2,0,0
1,3,0,2
1,4,0,4
1,5,0,0
1,6,0,2
1,7,0,2
1,8,0,0
1,9,0,0
1,10,0,3
1,11,0,0
1,13,0,5
1,14,0,5
1,15,0,4
1,16,1,0
1,17,0,4
1,18,0,0
1,19,0,0
1,20,0,5
1,21,0,4
1,22,2,5
1,24,0,0
1,25,0,5
1,26,0,2
1,27,0,0
1,28,0,0
1,29,0,0
2,0,0,0
2,1,0,0
2,2,1,3
2,3,1,0
2,4,1,0
2,5,0,1
2,6,0,3
2,7,2,0
2,11,1,0
2,12,0,5
2,13,1,1
2,14,0,1
2,15,1,4
2,16,2,3
2,17,1,0
2,18,1,5
2,19,1,5
2,20,0,0
2,21,1,4
2,22,0,0
2,23,0,0
2,24,1,0
2,25,0,4
2,26,0,0
2,27,2,0
2,28,1,0
3,0,1,3
3,1,1,0
3,2,0,1
3,3,1,0
3,4,1,3
3,5,2,5
3,6,1,0
3,7,1,0
3,8,1,5
3,9,1,3
3,10,1,3
3,11,1,1
3,12,1,3
3,14,0,0
3,15,1,0
3,16,0,4
3,17,0,0
3,18,1,0
3,19,1,0
3,22,0,4
3,24,2,2
3,25,1,4
3,27,1,0
3,28,1,5
3,29,0,1
4,0,0,5
4,1,1,4
4,2,1,0
4,3,2,0
4,4,2,1
4,5,2,0
4,6,2,4
4,7,1,0
4,8,0,3
4,9,0,3
4,10,1,0
4,11,1,5
4,12,2,5
4,13,2,0
4,14,2,0
4,15,2,0
4,17,1,3
4,18,2,0
4,19,1,4
4,20,0,0
4,21,1,0
4,23,2,0
4,24,2,0
4,25,1,3
4,26,2,1
4,28,0,4
4,29,1,1
5,0,0,1
5,1,1,0
5,2,2,0
5,3,2,0
5,4,2,0
5,5,2,0
5,7,2,0
5,8,2,3
5,9,2,3
5,11,2,4
5,12,2,2
5,14,2,1
5,15,2,0
5,17,2,0
5,18,2,2
5,19,2,0
5,20,1,5
5,21,2,2
5,22,1,0
5,23,0,0
5,25,2,0
5,27,2,5
5,28,2,0
5,29,2,1
6,0,2,5
6,1,2,1
6,2,2,0
6,3,1,4
6,4,0,0
6,6,2,0
6,7,2,3
6,8,2,5
6,9,2,2
6,11,2,5
6,12,2,0
6,13,1,0
6,14,1,3
6,15,0,1
6,16,2,0
6,17,1,0
6,18,0,1
6,19,0,1
6,20,2,0
6,21,2,0
6,22,2,2
6,23,1,3
6,24,0,4
6,25,1,2
6,26,2,0
6,27,2,5
6,28,2,2
7,0,2,4
7,2,0,3
7,3,0,4
7,4,0,1
7,5,0,1
7,6,0,1
7,7,0,4
7,8,2,2
7,9,2,0
7,10,2,4
7,11,2,0
7,13,0,3
7,14,1,3
7,15,1,3
7,16,0,3
7,17,0,3
7,18,0,4
7,19,1,2
7,20,1,2
7,21,0,1
7,22,1,3
7,23,2,5
7,24,2,4
7,26,1,5
7,27,0,1
7,28,0,1
7,29,2,3
8,0,1,4
8,1,2,0
8,2,1,5
8,3,1,1
8,4,0,3
8,5,1,5
8,6,0,5
8,7,1,2
8,9,2,5
8,10,1,0
8,11,0,1
8,12,0,1
8,14,0,3
8,15,0,4
8,16,0,5
8,17,0,1
8,18,2,4
8,19,1,1
8,21,0,3
8,22,2,0
8,23,1,0
8,25,1,1
8,26,2,0
8,27,1,3
8,28,1,1
8,29,2,0
9,0,1,1
9,1,0,5
9,2,1,1
9,3,1,3
9,4,0,0
9,5,0,4
9,7,1,4
9,8,0,4
9,9,2,0
9,11,0,5
9,12,2,3
9,13,2,5
9,14,1,1
9,15,0,5
9,16,0,1
9,17,2,5
9,19,1,3
9,20,2,0
9,21,1,5
9,22,0,0
9,23,1,5
9,24,0,1
9,26,0,1
9,28,0,3
9,29,0,1
10,0,1,1
10,1,0,3
10,2,2,2
10,3,1,3
10,4,0,4
10,5,2,3
10,6,1,1
10,7,1,3
10,8,1,2
10,9,0,4
10,10,2,1
10,11,2,3
10,12,2,1
10,15,1,1
10,16,2,4
10,17,1,3
10,18,1,1
10,19,0,4
10,20,0,1
10,21,1,2
10,22,1,4
10,23,2,0
10,24,1,3
10,26,1,4
10,27,0,3
10,28,1,1
10,29,0,2
11,0,2,3
11,2,2,5
11,3,2,1
11,4,1,4
11,5,1,1
11,6,1,3
11,7,1,1
11,8,0,4
11,9,0,1
11,10,2,2
11,12,1,0
11,13,0,1
11,14,0,4
11,15,2,1
11,16,1,1
11,17,2,4
11,18,1,1
11,19,1,3
11,20,0,4
11,21,0,1
11,22,0,5
11,25,2,0
11,26,1,3
11,27,1,5
11,28,0,2
11,29,1,0
12,0,1,0
12,2,2,4
12,3,2,3
12,4,2,2
12,5,1,4
12,6,1,5
12,7,1,3
12,8,1,1
12,9,2,2
12,10,1,5
12,11,2,0
12,12,1,1
12,13,0,1
12,14,1,1
12,15,1,1
12,16,1,3
12,17,1,4
12,18,1,0
12,19,2,1
12,20,1,1
12,23,0,5
12,24,2,3
12,25,1,3
12,26,2,5
12,27,2,3
12,28,2,4
13,0,1,0
13,1,0,1
13,2,2,1
13,3,2,2
13,6,0,0
13,7,0,0
13,8,1,4
13,9,0,0
13,11,2,2
13,12,2,1
13,13,1,1
13,14,2,1
13,15,1,5
13,16,1,5
13,17,1,2
13,18,0,0
13,19,0,5
13,20,2,2
13,21,1,1
13,22,0,1
13,23,2,4
13,24,1,1
13,25,0,3
13,26,1,1
13,28,2,1
13,29,1,1
14,0,2,2
14,1,1,1
14,2,0,2
14,3,1,1
14,4,1,1
14,5,2,1
14,6,1,0
14,8,2,0
14,9,1,1
14,10,0,1
14,11,1,1
14,12,0,0
14,13,0,4
14,14,1,4
14,16,0,4
14,17,2,1
14,19,2,1
14,20,1,3
14,21,1,3
14,22,0,3
14,23,1,4
14,24,0,5
14,25,2,1
14,26,1,1
14,27,1,1
14,28,0,4
14,29,1,3
15,0,0,2
15,1,1,1
15,2,1,2
15,3,0,1
15,4,1,5
15,5,2,2
15,6,2,1
15,7,2,1
15,8,2,1
15,9,1,4
15,10,0,0
15,11,0,2
15,12,1,1
15,13,2,1
15,15,0,0
15,17,2,2
15,18,1,2
15,19,0,4
15,20,0,4
15,21,2,0
15,22,2,0
15,23,1,0
15,28,1,2
15,29,0,4
16,0,0,4
16,1,0,1
16,3,0,5
16,4,0,1
16,5,0,2
16,6,0,4
16,7,0,1
16,8,2,0
16,9,1,0
16,10,2,0
16,11,2,2
16,12,2,0
16,13,2,2
16,14,1,0
16,15,0,2
16,16,2,1
16,17,2,1
16,18,2,2
16,19,2,4
16,21,1,1
16,22,1,5
16,23,1,2
16,24,1,5
16,25,1,5
16,26,0,4
16,27,1,4
16,29,0,0
17,0,1,2
17,1,0,2
17,2,1,0
17,3,2,5
17,4,1,0
17,5,0,0
17,6,0,0
17,7,0,4
17,8,0,1
17,9,2,1
17,10,1,2
17,11,1,3
17,12,0,2
17,13,0,0
17,14,0,1
17,15,0,1
17,17,2,5
17,19,2,5
17,20,1,0
17,23,0,1
17,24,2,1
17,26,0,1
17,27,0,0
17,28,2,0
18,0,2,2
18,1,1,3
18,2,0,5
18,3,0,1
18,5,2,4
18,6,2,2
18,7,1,1
18,8,0,2
18,10,1,1
18,11,2,1
18,13,1,2
18,14,2,0
18,15,1,2
18,16,0,2
18,17,1,5
18,18,2,1
18,21,0,2
18,22,0,1
18,23,0,3
18,24,0,2
18,26,1,3
18,27,0,2
18,28,2,1
18,29,2,5
19,0,2,0
19,1,2,4
19,2,2,5
19,3,1,5
19,4,2,2
19,5,1,3
19,6,1,4
19,8,0,1
19,9,0,5
19,10,2,5
19,12,0,4
19,13,1,0
19,14,0,4
19,15,2,5
19,16,1,2
19,17,0,4
19,18,0,2
19,19,2,2
19,20,1,0
19,21,2,1
19,22,1,1
19,23,0,2
19,24,1,4
19,25,0,2
19,27,1,2
19,29,2,0
20,0,0,0
20,1,2,0
20,2,2,3
20,3,1,2
20,4,0,2
20,5,2,1
20,6,2,1
20,7,1,2
20,8,2,5
20,9,1,5
20,10,0,5
20,11,1,0
20,12,1,3
20,13,2,1
20,15,0,0
20,16,0,1
20,17,2,3
20,18,2,5
20,19,1,0
20,20,0,3
20,21,2,1
20,22,2,3
20,24,1,2
20,25,0,1
20,26,0,5
20,27,1,2
20,29,0,3
21,0,1,2
21,2,0,4
21,3,0,3
21,4,2,5
21,5,1,3
21,6,2,0
21,7,2,1
21,8,1,2
21,9,0,1
21,10,0,1
21,11,0,3
21,12,0,4
21,13,1,3
21,15,2,1
21,16,2,2
21,17,1,1
21,18,0,5
21,21,2,3
21,23,1,2
21,24,0,4
21,25,2,5
21,27,0,1
21,28,0,5
21,29,0,5
22,0,2,0
22,1,1,2
22,2,0,1
22,3,2,2
22,4,2,0
22,6,2,2
22,7,1,5
22,8,2,4
22,10,2,1
22,11,1,4
22,12,2,2
22,13,2,5
22,14,2,2
22,15,1,0
22,16,1,1
22,17,1,1
22,18,1,4
22,19,0,3
22,20,2,1
22,22,2,4
22,25,2,3
22,26,1,0
22,27,0,4
22,28,1,3
22,29,1,5
23,0,0,4
23,1,2,2
23,2,2,1
23,3,2,1
23,4,2,5
23,5,1,0
23,6,1,2
23,7,2,5
23,8,1,1
23,9,0,2
23,10,0,4
23,11,0,1
23,12,1,5
23,13,0,0
23,14,0,0
23,15,1,3
23,17,0,1
23,18,1,3
23,19,0,0
23,20,1,1
23,21,1,0
23,22,2,2
23,23,2,1
23,24,2,1
23,27,2,1
23,28,2,5
23,29,2,2
24,0,0,3
24,1,0,0
24,2,1,2
24,3,0,4
24,4,1,3
24,5,0,5
24,7,0,3
24,8,1,3
24,10,1,4
24,11,0,0
24,12,1,4
24,13,1,3
24,14,1,2
24,15,2,3
24,16,2,1
24,18,0,4
24,19,0,1
24,21,0,5
24,22,0,4
24,23,0,1
24,24,1,0
24,25,0,1
24,26,0,4
24,27,0,5
24,28,0,0
24,29,2,1
25,0,2,5
25,1,1,2
25,2,1,4
25,3,2,5
25,4,2,3
25,5,1,2
25,6,1,2
25,7,0,5
25,8,1,0
25,9,2,4
25,12,1,2
25,13,2,2
25,14,1,0
25,15,1,2
25,16,1,0
25,17,0,5
25,19,2,2
25,20,2,3
25,21,1,3
25,22,1,2
25,24,0,0
25,26,2,1
25,27,2,0
25,28,1,2
26,0,2,1
26,1,2,3
26,2,1,1
26,3,0,5
26,4,1,1
26,5,2,5
26,6,1,1
26,7,2,2
26,8,1,3
26,9,1,2
26,10,2,0
26,11,1,2
26,14,2,3
26,15,2,2
26,16,2,0
26,17,2,0
26,18,1,2
26,20,2,1
26,21,1,2
26,22,1,0
26,23,1,1
26,24,2,2
26,25,2,4
26,27,2,2
26,28,1,4
27,1,1,3
27,2,1,3
27,3,1,2
27,4,0,5
27,5,1,2
27,7,2,5
27,8,2,1
27,9,1,1
27,10,0,4
27,11,2,1
27,13,1,5
27,14,0,2
27,15,2,5
27,16,1,4
27,17,0,2
27,18,0,1
27,20,0,2
27,22,2,5
27,23,1,1
27,24,2,0
27,25,1,2
27,26,1,0
27,27,1,0
27,29,1,2
28,0,0,1
28,1,0,4
28,2,0,0
28,3,0,0
28,4,1,2
28,5,1,1
28,6,2,3
28,7,2,2
28,8,2,2
28,9,2,5
28,10,2,2
28,12,1,2
28,13,0,2
28,14,1,2
28,15,2,4
28,16,1,2
28,17,2,2
28,19,0,2
28,20,0,1
28,21,0,4
28,22,1,2
28,24,0,1
28,25,2,2
28,28,1,0
29,0,2,1
29,1,2,5
29,2,2,2
29,3,2,4
29,5,0,4
29,6,0,1
29,7,0,1
29,8,0,0
29,9,1,2
29,10,0,2
29,11,1,2
29,12,0,1
29,13,1,4
29,14,2,2
29,15,2,2
29,16,1,3
29,17,1,2
29,18,2,1
29,19,1,2
29,20,1,2
29,21,0,0
29,22,0,2
29,24,1,3
29,25,1,1
29,26,1,2
29,27,1,3
29,28,0,1
30,0,1,4
30,1,0,0
30,2,1,5
30,3,1,0
30,4,0,1
30,5,0,2
30,6,1,3
30,7,2,4
30,8,1,4
30,9,0,3
30,10,1,2
30,11,0,0
30,12,1,5
30,13,2,1
30,14,2,4
30,16,1,2
30,17,0,1
30,18,0,3
30,19,0,4
30,22,0,4
30,23,0,4
30,24,1,2
30,25,1,0
30,26,1,5
30,27,0,4
30,28,0,4
30,29,0,1
31,0,0,0
31,1,0,0
31,2,0,0
31,3,0,5
31,4,0,0
31,5,0,4
31,6,2,3
31,7,1,0
31,8,0,2
31,9,0,0
31,10,0,5
31,11,0,0
31,12,2,3
31,14,0,0
31,15,0,1
31,16,0,0
31,17,1,0
31,18,0,0
31,19,0,0
31,20,2,1
31,22,0,1
31,23,0,5
31,24,1,0
31,25,1,5
31,26,0,0
31,27,0,2
31,28,2,4
32,0,0,0
32,1,1,5
32,2,1,1
32,5,1,5
32,6,0,0
32,7,0,0
32,9,0,2
32,11,0,2
32,12,1,5
32,13,0,1
32,14,0,0
32,15,1,2
32,16,0,2
32,18,2,5
32,19,1,5
32,20,0,3
32,21,1,4
32,22,0,5
32,23,2,2
32,24,1,3
32,26,0,0
32,27,0,0
32,28,1,3
32,29,2,5
33,0,1,5
33,1,1,3
33,2,0,3
33,3,0,0
33,5,1,2
33,6,0,2
33,8,0,5
33,9,1,5
33,11,0,0
33,12,0,0
33,13,2,0
33,14,1,4
33,15,0,4
33,16,0,1
33,17,1,0
33,19,0,5
33,20,1,3
33,21,0,0
33,22,1,5
33,23,0,0
33,24,0,0
33,25,0,1
33,26,0,0
33,27,1,5
33,29,0,0
34,0,1,2
34,1,0,4
34,2,1,0
34,3,0,5
34,4,1,5
34,5,0,4
34,6,1,4
34,7,0,5
34,8,0,3
34,9,0,2
34,10,0,1
34,11,0,3
34,12,0,0
34,13,0,5
34,14,0,3
34,15,1,5
34,16,0,0
34,17,0,0
34,19,0,1
34,21,0,4
34,22,0,2
34,23,1,5
34,24,0,0
34,26,2,3
34,28,0,0
34,29,1,1
35,0,0,3
35,1,0,3
35,2,0,5
35,3,0,4
35,4,1,0
35,5,1,0
35,6,0,5
35,7,0,0
35,8,0,0
35,9,0,0
35,10,2,3
35,11,2,0
35,12,1,0
35,13,0,0
35,14,1,4
35,15,0,0
35,17,2,3
35,18,2,1
35,19,1,2
35,20,0,0
35,21,1,2
35,22,1,2
35,23,2,0
35,25,1,0
35,26,1,2
35,28,1,0
35,29,1,5
36,0,0,4
36,1,1,3
36,3,0,2
36,4,0,2
36,5,2,5
36,6,1,0
36,7,0,1
36,8,0,2
36,9,0,4
36,11,1,0
36,12,0,5
36,13,0,3
36,14,1,0
36,16,1,0
36,17,1,1
36,18,1,1
36,19,1,0
36,20,0,1
36,21,0,0
36,23,1,3
36,24,1,4
36,25,0,5
36,26,1,0
36,27,1,5
36,29,0,4
37,0,0,0
37,1,0,5
37,2,0,3
37,3,0,0
37,4,0,0
37,5,1,0
37,6,0,4
37,7,1,2
37,8,1,0
37,9,1,0
37,10,0,0
37,11,0,1
37,12,0,1
37,13,1,0
37,14,0,2
37,16,1,0
37,17,0,0
37,19,0,2
37,20,0,5
37,21,1,0
37,22,1,0
37,24,1,5
37,25,1,3
37,27,0,3
37,28,1,2
37,29,0,0
38,0,0,4
38,1,0,2
38,2,0,0
38,3,2,3
38,5,1,3
38,6,1,4
38,7,0,3
38,8,2,5
38,9,2,2
38,10,1,0
38,11,0,1
38,12,2,3
38,13,1,0
38,14,0,3
38,16,0,1
38,17,2,1
38,19,0,4
38,20,1,2
38,21,2,1
38,22,2,4
38,23,1,0
38,24,0,2
38,25,1,1
38,26,1,3
38,27,0,5
38,28,1,4
38,29,0,4
39,0,1,0
39,1,0,3
39,2,0,4
39,3,1,5
39,4,2,2
39,5,2,2
39,6,2,2
39,9,1,0
39,10,1,1
39,11,0,3
39,12,0,4
39,14,0,2
39,15,2,0
39,16,1,0
39,17,0,3
39,18,2,4
39,19,2,5
39,20,2,0
39,21,2,1
39,22,2,0
39,25,0,5
39,26,0,2
39,27,0,0
39,28,0,2
39,29,0,4
40,1,1,0
40,3,2,0
40,4,2,1
40,5,1,4
40,6,0,4
40,7,0,3
40,9,2,0
40,10,2,4
40,12,2,0
40,13,2,4
40,14,1,1
40,15,1,0
40,16,1,0
40,18,1,5
40,19,0,0
40,20,0,5
40,21,0,2
40,22,2,5
40,23,1,4
40,24,2,3
40,25,1,0
40,26,1,4
40,28,2,2
40,29,1,1
41,0,1,4
41,1,0,0
41,2,0,4
41,3,1,0
41,4,2,5
41,5,2,3
41,6,2,4
41,7,1,1
41,8,2,2
41,9,1,3
41,10,2,1
41,11,1,3
41,12,2,2
41,13,1,2
41,14,2,1
41,17,1,0
41,18,2,5
41,19,2,3
41,20,2,5
41,21,1,0
41,22,0,3
41,23,1,5
41,26,1,5
41,27,1,0
41,28,0,1
41,29,1,4
42,0,0,5
42,1,0,4
42,3,1,3
42,4,1,5
42,5,2,2
42,7,2,4
42,8,1,0
42,10,1,0
42,11,2,1
42,12,1,0
42,13,2,2
42,14,1,0
42,15,2,0
42,16,1,0
42,17,2,3
42,18,1,5
42,19,2,3
42,20,1,3
42,22,1,5
42,23,2,0
42,24,2,4
42,25,2,5
42,26,1,0
42,27,2,4
42,29,2,5
43,0,2,3
43,1,2,0
43,2,2,3
43,3,2,2
43,4,2,0
43,5,2,2
43,6,2,5
43,7,2,0
43,9,2,0
43,10,2,5
43,12,0,3
43,13,0,0
43,15,2,2
43,16,2,3
43,17,2,0
43,18,1,5
43,19,2,0
43,20,1,4
43,21,2,0
43,22,2,5
43,23,2,0
43,24,1,5
43,25,2,0
43,26,2,2
43,27,2,4
43,28,2,3
43,29,2,0
44,0,1,0
44,1,2,5
44,2,1,3
44,3,0,1
44,5,1,1
44,6,0,1
44,7,2,5
44,8,1,5
44,10,2,0
44,11,1,0
44,12,0,4
44,13,0,3
44,15,1,2
44,16,1,2
44,17,2,0
44,18,2,0
44,19,2,5
44,20,1,1
44,21,2,0
44,23,2,0
44,24,2,0
44,25,2,2
44,27,0,1
44,28,2,5
44,29,2,3
45,0,2,2
45,1,1,1
45,2,2,2
45,4,1,0
45,5,1,0
45,6,1,0
45,7,0,1
45,8,0,5
45,9,0,1
45,10,1,0
45,11,0,4
45,14,0,2
45,15,0,0
45,16,2,2
45,17,2,3
45,18,2,0
45,19,1,2
45,20,1,0
45,21,0,5
45,22,1,1
45,23,1,5
45,24,0,2
45,26,0,0
45,27,2,2
45,29,1,3
46,0,1,5
46,1,1,4
46,2,0,2
46,3,0,1
46,4,1,0
46,5,0,1
46,6,0,1
46,7,2,0
46,8,1,5
46,11,1,4
46,12,0,1
46,14,2,0
46,15,1,0
46,16,1,5
46,17,0,1
46,19,1,1
46,20,0,0
46,21,0,2
46,22,0,2
46,23,2,2
46,24,1,3
46,25,0,1
46,26,0,3
46,27,1,5
46,29,1,0
47,0,2,2
47,2,2,2
47,3,1,1
47,5,0,4
47,6,0,4
47,7,0,2
47,9,0,1
47,10,0,5
47,11,0,1
47,12,0,1
47,13,1,0
47,14,0,5
47,15,2,3
47,16,2,4
47,18,0,5
47,19,2,1
47,21,0,1
47,22,0,1
47,23,1,3
47,24,0,1
47,25,0,1
47,26,0,1
47,27,0,1
47,28,1,0
47,29,0,4
48,0,0,1
48,2,0,5
48,3,2,2
48,5,0,0
48,6,1,5
48,7,0,1
48,8,1,2
48,9,0,1
48,10,0,5
48,11,0,1
48,13,1,0
48,14,0,1
48,15,0,1
48,17,0,3
48,18,2,4
48,19,1,1
48,20,0,0
48,21,0,1
48,22,0,1
48,23,0,1
48,24,0,1
48,25,1,1
48,26,0,2
48,27,1,0
48,28,0,4
48,29,1,4
49,0,1,5
49,2,1,0
49,3,2,1
49,4,2,2
49,5,2,0
49,6,2,0
49,7,1,1
49,8,0,0
49,9,1,1
49,10,0,0
49,12,0,3
49,13,0,5
49,14,1,1
49,15,0,5
49,16,0,4
49,17,0,1
49,18,0,1
49,19,1,1
49,20,1,1
49,21,2,4
49,25,1,5
49,26,2,0
49,28,0,5
49,29,0,1
50,0,0,2
50,2,0,1
50,3,1,3
50,4,0,0
50,5,0,5
50,6,0,2
50,8,2,3
50,9,2,5
50,11,0,2
50,12,0,4
50,13,0,0
50,14,0,1
50,15,1,5
50,16,1,5
50,17,0,1
50,18,1,1
50,19,0,1
50,20,2,2
50,21,1,2
50,22,0,3
50,23,1,1
50,24,2,0
50,25,1,1
50,26,0,1
50,27,0,3
50,28,2,4
50,29,2,5
51,0,2,3
51,1,1,1
51,2,1,5
51,3,1,1
51,5,0,0
51,6,0,2
51,7,0,1
51,8,1,0
51,9,0,0
51,10,0,1
51,12,1,1
51,13,0,2
51,14,2,3
51,15,1,1
51,16,2,0
51,17,1,4
51,18,2,5
51,19,1,4
51,20,0,3
51,22,1,1
51,24,1,5
51,25,0,0
51,26,1,4
51,27,1,5
51,28,1,0
51,29,2,1
52,0,1,1
52,1,0,1
52,2,2,1
52,3,2,2
52,4,1,3
52,5,2,3
52,6,2,2
52,7,1,4
52,8,2,3
52,9,2,2
52,11,1,4
52,12,0,1
52,14,2,3
52,15,2,0
52,16,1,4
52,17,1,4
52,18,0,5
52,19,2,1
52,20,1,5
52,22,2,2
52,23,1,0
52,24,2,0
52,25,1,4
52,26,0,0
52,27,1,4
52,28,2,3
52,29,2,4
53,0,2,4
53,1,2,5
53,3,0,2
53,4,1,4
53,5,2,4
53,6,2,5
53,7,2,5
53,8,1,5
53,9,0,3
53,10,0,2
53,11,2,0
53,12,1,2
53,13,2,5
53,14,2,5
53,15,1,1
53,16,1,1
53,18,1,5
53,19,0,0
53,20,0,0
53,21,0,1
53,22,0,5
53,23,0,4
53,25,2,4
53,26,1,1
53,29,1,3
54,0,1,1
54,1,2,2
54,2,1,1
54,3,0,4
54,4,0,3
54,5,0,1
54,7,2,0
54,8,2,1
54,10,2,5
54,11,1,5
54,12,0,0
54,13,1,1
54,14,0,4
54,15,1,1
54,16,1,1
54,18,0,4
54,19,2,1
54,20,2,3
54,21,2,2
54,22,1,1
54,23,0,5
54,24,2,5
54,27,2,0
54,28,1,5
54,29,0,2
55,1,1,4
55,2,1,0
55,3,2,3
55,5,2,5
55,6,1,1
55,8,1,1
55,9,1,4
55,10,1,1
55,11,2,1
55,12,2,5
55,13,1,1
55,14,2,1
55,15,2,4
55,16,2,2
55,17,1,5
55,18,0,0
55,19,2,0
55,20,2,1
55,21,1,1
55,22,0,2
55,23,2,2
55,24,1,5
55,25,0,4
55,26,1,4
55,27,0,1
55,28,0,2
55,29,0,1
56,0,0,1
56,1,1,1
56,2,0,5
56,3,2,3
56,4,1,3
56,5,2,0
56,6,2,1
56,7,1,0
56,8,1,5
56,9,2,1
56,10,1,1
56,11,0,0
56,14,2,2
56,15,1,5
56,17,2,4
56,19,0,5
56,20,0,0
56,22,1,5
56,23,1,0
56,24,2,3
56,26,0,4
56,27,0,4
56,28,1,1
56,29,2,1
57,0,2,1
57,1,2,2
57,2,2,1
57,3,2,1
57,4,1,2
57,5,1,0
57,6,2,0
57,7,2,2
57,8,2,4
57,10,2,3
57,12,1,3
57,13,1,1
57,14,0,4
57,15,2,1
57,16,2,4
57,18,0,3
57,19,0,1
57,20,1,1
57,21,2,5
57,22,2,1
57,23,2,4
57,25,0,2
57,26,0,4
57,27,1,3
57,28,0,0
57,29,0,2
58,0,1,2
58,1,2,1
58,3,1,3
58,4,1,5
58,6,2,3
58,7,2,3
58,8,1,5
58,9,0,4
58,10,2,1
58,11,2,4
58,12,2,0
58,13,1,5
58,14,2,4
58,16,2,1
58,17,2,2
58,18,1,0
58,19,0,2
58,21,2,5
58,22,2,0
58,23,2,3
58,24,1,4
58,25,2,3
58,26,2,5
58,27,2,1
58,28,1,1
58,29,0,3
59,1,0,5
59,2,1,5
59,3,2,5
59,4,2,5
59,6,2,5
59,7,1,5
59,8,0,1
59,9,2,1
59,10,1,3
59,11,0,2
59,12,0,4
59,13,1,1
59,14,0,4
59,15,0,4
59,16,2,1
59,18,0,0
59,20,0,5
59,21,1,3
59,22,0,2
59,24,0,4
59,25,0,5
59,27,2,1
59,28,1,5
59,29,1,1
60,0,2,3
60,1,1,4
60,2,1,5
60,3,0,2
60,4,0,3
60,5,0,2
60,6,0,4
60,7,0,3
60,8,1,4
60,9,2,3
60,10,2,4
60,11,1,1
60,12,2,3
60,13,2,5
60,14,2,3
60,15,2,1
60,16,2,5
60,17,2,1
60,18,2,4
60,20,1,4
60,21,0,1
60,24,2,3
60,25,2,1
60,26,1,1
60,27,2,3
60,28,2,5
60,29,2,5
61,0,0,4
61,1,0,2
61,3,1,4
61,4,2,1
61,5,1,2
61,6,0,1
61,7,0,0
61,8,0,5
61,9,1,2
61,10,0,2
61,11,0,2
61,12,0,2
61,13,1,4
61,14,1,5
61,15,0,5
61,16,1,3
61,17,2,1
61,18,1,3
61,20,0,2
61,21,2,1
61,23,0,3
61,24,2,2
61,25,2,1
61,27,0,2
61,28,0,5
61,29,1,2
62,0,0,3
62,1,2,3
62,2,2,2
62,3,1,4
62,4,2,1
62,5,2,2
62,6,1,2
62,7,2,4
62,8,1,0
62,9,0,0
62,10,0,2
62,11,1,3
62,12,0,5
62,13,2,1
62,14,1,2
62,15,1,2
62,16,1,5
62,17,0,4
62,20,0,4
62,21,1,1
62,22,0,5
62,23,0,2
62,25,0,3
62,26,1,2
62,27,0,2
62,28,2,1
62,29,2,2
63,0,2,2
63,1,1,0
63,2,0,3
63,3,0,2
63,4,0,4
63,5,0,2
63,6,1,2
63,7,0,4
63,8,2,0
63,9,2,4
63,11,1,5
63,12,2,5
63,15,0,5
63,16,0,2
63,17,1,3
63,18,0,1
63,19,1,2
63,20,0,2
63,21,0,2
63,22,0,3
63,23,0,3
63,24,0,5
63,25,1,2
63,26,2,5
63,27,1,5
63,28,0,3
63,29,1,0
64,0,1,0
64,1,2,0
64,3,2,2
64,5,2,3
64,6,1,2
64,7,1,2
64,8,2,5
64,9,1,0
64,10,2,5
64,11,2,3
64,12,1,2
64,13,1,3
64,15,2,5
64,17,1,0
64,18,0,1
64,19,0,2
64,20,0,4
64,21,1,5
64,22,1,2
64,23,0,1
64,25,0,4
64,26,0,2
64,28,1,2
64,29,1,5
65,0,1,3
65,1,0,0
65,2,2,2
65,3,1,2
65,4,0,2
65,5,0,5
65,6,0,5
65,7,1,0
65,8,1,0
65,9,2,4
65,10,2,1
65,11,1,0
65,12,1,2
65,13,1,5
65,14,0,1
65,15,2,1
65,18,1,2
65,20,1,2
65,21,0,0
65,23,0,2
65,24,2,2
65,26,1,0
65,27,0,1
65,28,0,2
65,29,2,4
66,0,1,2
66,2,2,0
66,3,1,1
66,4,1,2
66,5,1,0
66,6,2,3
66,7,1,4
66,8,1,2
66,9,1,3
66,11,1,4
66,12,1,1
66,13,0,1
66,14,2,3
66,16,1,2
66,18,1,0
66,19,1,1
66,21,1,5
66,22,0,4
66,23,1,5
66,24,1,2
66,25,0,4
66,26,1,2
66,27,0,2
66,29,0,4
67,1,0,3
67,2,0,2
67,5,0,1
67,6,2,1
67,7,2,2
67,8,1,3
67,9,0,4
67,10,0,5
67,12,1,1
67,13,0,2
67,14,2,2
67,15,1,2
67,16,1,1
67,17,0,2
67,19,1,2
67,20,0,4
67,21,2,4
67,22,1,3
67,24,0,2
67,25,1,1
67,26,1,3
67,27,0,2
67,28,0,1
67,29,0,0
68,1,0,0
68,2,0,0
68,3,2,5
68,5,2,5
68,6,2,2
68,7,1,0
68,8,1,1
68,9,0,5
68,10,1,2
68,11,2,5
68,12,2,2
68,13,1,2
68,14,1,0
68,15,1,4
68,17,2,3
68,18,1,0
68,19,0,1
68,20,1,5
68,21,2,5
68,22,2,3
68,23,2,2
68,24,1,2
68,25,1,5
68,26,1,2
68,27,2,4
68,28,1,5
68,29,2,2
69,0,1,4
69,2,0,1
69,3,1,5
69,4,0,5
69,5,0,3
69,6,2,2
69,7,2,5
69,8,1,4
69,9,2,3
69,10,2,2
69,11,1,0
69,12,2,2
69,13,1,3
69,14,2,2
69,15,1,0
69,16,1,2
69,17,0,2
69,18,0,2
69,19,2,3
69,20,2,3
69,23,0,5
69,24,2,2
69,26,2,0
69,27,1,2
69,28,0,1
69,29,2,3
70,1,2,2
70,2,1,1
70,3,1,4
70,4,1,5
70,5,2,3
70,7,0,1
70,8,0,4
70,9,1,2
70,10,0,4
70,11,2,2
70,12,2,2
70,14,0,2
70,15,0,2
70,17,1,2
70,18,0,0
70,19,2,1
70,20,2,2
70,21,1,1
70,22,0,0
70,24,2,1
70,25,2,2
70,26,1,0
70,27,1,0
70,28,1,2
70,29,0,5
71,0,0,3
71,1,2,2
71,3,2,0
71,4,1,2
71,5,0,0
71,6,2,2
71,7,1,5
71,8,0,2
71,9,0,0
71,10,0,3
71,11,2,2
71,12,2,5
71,13,1,5
71,14,1,5
71,15,0,1
71,16,0,4
71,18,1,0
71,20,1,5
71,21,0,4
71,23,2,1
71,25,1,2
71,26,2,4
71,27,1,2
71,28,1,4
71,29,0,4
72,0,2,4
72,1,2,2
72,2,2,3
72,4,0,4
72,5,0,2
72,6,0,1
72,7,2,1
72,8,2,2
72,9,2,4
72,10,1,2
72,11,0,0
72,12,2,2
72,13,2,3
72,14,2,2
72,15,2,5
72,16,2,2
72,17,1,2
72,19,2,2
72,20,1,2
72,22,0,5
72,23,1,0
72,24,1,2
72,25,0,0
72,26,2,1
72,27,2,3
72,28,2,5
72,29,2,2
73,0,2,5
73,2,2,1
73,3,2,2
73,4,1,0
73,5,1,3
73,7,2,2
73,8,2,5
73,10,0,2
73,11,1,0
73,12,2,2
73,13,1,2
73,14,0,5
73,15,1,1
73,16,2,1
73,17,1,2
73,18,2,2
73,19,2,4
73,21,1,0
73,23,1,0
73,24,1,2
73,25,1,0
73,26,2,2
73,27,2,2
73,28,1,4
73,29,1,5
74,0,0,1
74,1,1,5
74,2,1,5
74,3,0,2
74,4,2,2
74,6,0,3
74,7,0,5
74,9,2,2
74,10,2,2
74,12,1,0
74,13,0,1
74,14,0,0
74,15,0,1
74,16,2,2
74,17,2,3
74,19,1,5
74,20,2,0
74,21,2,2
74,22,1,4
74,23,0,1
74,24,2,1
74,26,1,3
74,27,2,0
74,28,2,2
74,29,1,5
75,1,0,2
75,2,2,2
75,3,2,4
75,4,1,2
75,5,0,3
75,6,0,3
75,7,0,2
75,8,0,1
75,9,1,5
75,10,2,2
75,12,1,1
75,13,2,2
75,14,2,4
75,17,1,4
75,18,2,2
75,19,2,1
75,20,2,3
75,21,2,0
75,22,1,1
75,24,2,2
75,25,2,5
75,26,2,2
75,27,2,3
75,29,1,2
76,0,2,3
76,1,1,2
76,2,0,5
76,4,0,0
76,5,2,3
76,6,1,5
76,7,0,3
76,8,1,1
76,10,0,1
76,11,1,5
76,12,2,3
76,14,1,5
76,15,0,3
76,16,1,0
76,18,0,1
76,19,1,2
76,20,2,0
76,21,2,5
76,22,1,0
76,23,0,0
76,24,2,4
76,25,2,2
76,26,2,4
76,27,1,0
76,28,1,3
76,29,2,0
77,0,2,1
77,1,2,1
77,2,1,2
77,3,0,3
77,4,1,0
77,5,0,5
77,6,0,3
77,7,0,3
77,9,0,4
77,10,1,0
77,11,0,3
77,12,0,2
77,14,0,5
77,15,2,1
77,16,2,5
77,17,2,5
77,18,2,0
77,19,2,2
77,21,2,0
77,22,1,1
77,23,2,5
77,24,1,4
77,26,2,5
77,27,1,0
77,28,2,2
77,29,1,0
78,0,1,0
78,1,2,5
78,2,2,0
78,3,2,4
78,5,1,0
78,6,0,4
78,7,0,3
78,8,0,1
78,9,0,3
78,10,1,3
78,11,0,4
78,13,2,4
78,14,2,5
78,15,2,2
78,16,2,2
78,17,1,1
78,18,0,1
78,19,1,4
78,20,2,5
78,21,1,1
78,22,2,2
78,23,2,3
78,24,1,4
78,26,0,4
78,27,0,0
78,29,0,3
79,0,0,2
79,1,2,3
79,2,2,3
79,3,1,0
79,4,1,0
79,5,0,0
79,6,1,0
79,8,1,4
79,10,0,4
79,11,1,4
79,12,0,1
79,13,0,2
79,14,1,0
79,15,2,3
79,16,1,1
79,17,2,2
79,18,2,3
79,19,2,4
79,20,2,4
79,21,2,3
79,23,2,2
79,24,2,2
79,25,2,2
79,26,1,1
79,28,1,4
79,29,0,2
80,0,1,4
80,1,0,4
80,2,0,2
80,3,0,3
80,4,1,0
80,5,0,3
80,6,0,3
80,7,0,0
80,8,0,3
80,9,1,1
80,10,0,3
80,12,0,1
80,13,1,2
80,14,1,3
80,15,1,3
80,16,0,1
80,17,2,2
80,18,2,2
80,19,2,3
80,20,1,0
80,21,0,3
80,22,2,3
80,24,2,4
80,25,1,0
80,27,0,5
80,28,2,3
80,29,2,1
81,0,0,3
81,1,0,1
81,2,1,4
81,3,0,2
81,5,0,3
81,6,1,5
81,7,0,0
81,8,0,3
81,9,0,3
81,10,0,2
81,11,0,5
81,12,1,2
81,13,1,2
81,14,1,4
81,15,0,5
81,16,0,3
81,17,0,1
81,18,0,2
81,19,0,2
81,20,0,1
81,21,0,5
81,22,1,4
81,24,0,0
81,25,2,2
81,27,2,5
81,28,1,0
81,29,1,2
82,0,0,0
82,1,1,5
82,2,0,1
82,3,1,0
82,4,2,3
82,6,0,3
82,7,0,4
82,8,0,3
82,9,0,2
82,10,0,3
82,11,0,1
82,12,0,2
82,13,0,1
82,14,1,5
82,15,1,5
82,16,0,5
82,17,0,3
82,18,0,3
82,19,0,1
82,21,2,3
82,22,2,1
82,23,2,1
82,24,1,0
82,25,0,3
82,27,2,3
82,28,2,3
82,29,2,3
83,0,2,4
83,1,1,0
83,2,0,3
83,3,1,1
83,4,2,0
83,5,1,5
83,6,1,0
83,7,2,5
83,11,0,2
83,12,1,3
83,13,2,0
83,14,2,3
83,15,2,3
83,16,2,3
83,17,1,1
83,18,0,2
83,19,0,3
83,20,0,5
83,21,1,3
83,22,0,1
83,23,0,4
83,24,0,3
83,26,0,2
83,27,0,3
83,28,0,0
83,29,1,0
84,0,2,2
84,1,1,0
84,2,0,4
84,4,0,4
84,6,0,0
84,7,1,1
84,8,1,1
84,9,1,0
84,10,0,4
84,12,1,1
84,13,0,1
84,14,1,3
84,15,0,3
84,16,0,3
84,17,0,2
84,18,1,4
84,19,0,0
84,20,0,3
84,21,0,4
84,22,0,2
84,23,2,5
84,24,1,0
84,25,0,3
84,26,2,3
84,27,1,1
84,28,2,0
84,29,1,5
85,1,0,2
85,3,0,5
85,4,0,4
85,5,0,4
85,6,2,5
85,7,1,1
85,8,1,0
85,9,0,3
85,10,0,4
85,11,2,0
85,12,2,1
85,13,1,5
85,14,1,4
85,15,0,0
85,16,0,3
85,17,1,0
85,19,1,5
85,20,1,0
85,21,0,2
85,22,2,2
85,23,1,2
85,24,0,2
85,25,0,5
85,26,0,3
85,27,0,0
85,28,0,3
85,29,0,1
86,0,1,0
86,1,0,1
86,2,0,3
86,3,2,0
86,5,1,1
86,6,2,2
86,7,1,2
86,8,0,0
86,9,1,2
86,10,0,1
86,11,1,4
86,12,0,3
86,13,2,5
86,14,1,2
86,15,2,5
86,17,1,5
86,18,2,3
86,19,1,3
86,20,0,1
86,22,2,3
86,23,2,5
86,26,0,3
86,28,2,3
86,29,1,1
87,0,0,4
87,1,0,4
87,3,0,5
87,4,0,2
87,5,2,2
87,6,1,2
87,7,2,3
87,8,1,0
87,9,0,5
87,11,2,2
87,12,2,3
87,13,1,0
87,14,0,4
87,15,1,4
87,16,0,2
87,17,0,3
87,18,1,2
87,19,0,3
87,21,0,1
87,23,0,4
87,24,0,3
87,25,2,1
87,26,2,2
87,27,1,4
87,28,2,2
88,0,1,3
88,1,0,1
88,2,1,5
88,4,1,1
88,5,0,1
88,6,1,1
88,7,2,0
88,8,1,1
88,9,0,5
88,11,0,3
88,12,1,0
88,13,0,5
88,14,2,0
88,15,1,0
88,16,1,0
88,17,1,3
88,18,1,5
88,19,0,1
88,20,1,5
88,21,0,3
88,23,0,0
88,24,1,5
88,25,1,2
88,26,2,1
88,27,2,3
88,28,1,5
88,29,2,4
89,0,0,4
89,2,1,1
89,3,1,3
89,4,0,3
89,5,2,2
89,6,2,5
89,7,1,5
89,8,1,3
89,9,2,3
89,11,1,3
89,12,2,1
89,13,1,4
89,14,1,4
89,15,1,3
89,16,1,4
89,17,0,0
89,18,0,3
89,19,0,4
89,20,0,3
89,21,1,0
89,22,0,3
89,23,0,4
89,25,1,3
89,26,0,5
89,27,1,3
89,28,0,2
89,29,0,3
90,0,1,5
90,1,2,2
90,2,1,4
90,3,0,4
90,4,2,0
90,5,2,4
90,8,0,4
90,10,1,4
90,11,2,1
90,12,1,1
90,13,1,0
90,14,0,1
90,15,2,2
90,16,1,3
90,17,2,5
90,18,1,3
90,19,2,5
90,20,1,2
90,21,1,0
90,22,0,1
90,23,1,5
90,24,0,3
90,25,0,3
90,26,0,1
90,27,2,3
90,28,1,1
90,29,0,1
91,0,2,1
91,1,2,5
91,2,1,3
91,3,0,0
91,4,1,4
91,5,1,1
91,6,2,3
91,8,1,3
91,9,1,2
91,10,0,3
91,11,1,5
91,12,1,0
91,13,2,1
91,14,2,1
91,15,2,0
91,16,1,3
91,17,0,3
91,18,1,4
91,19,2,4
91,20,2,3
91,22,0,5
91,24,0,2
91,25,1,4
91,26,0,4
91,27,1,4
91,29,2,3
92,0,2,3
92,1,2,3
92,2,2,5
92,4,0,3
92,5,2,5
92,6,2,1
92,7,2,5
92,8,2,2
92,9,2,0
92,10,1,3
92,11,2,2
92,13,1,3
92,14,0,4
92,15,0,2
92,16,2,3
92,17,1,1
92,18,1,1
92,19,2,2
92,21,0,0
92,22,2,2
92,24,0,1
92,25,0,5
92,26,1,0
92,27,2,1
92,28,2,2
92,29,1,0
93,0,0,1
93,1,0,3
93,2,1,4
93,3,0,3
93,5,0,3
93,6,2,4
93,7,1,1
93,8,0,2
93,9,1,3
93,10,1,4
93,11,2,2
93,12,2,2
93,13,1,0
93,15,0,2
93,16,2,3
93,17,2,2
93,18,1,1
93,19,2,3
93,20,1,3
93,21,2,3
93,22,1,0
93,23,2,3
93,24,1,5
93,25,0,3
93,26,2,3
93,27,2,2
94,0,1,0
94,1,1,2
94,2,2,4
94,3,2,1
94,6,1,0
94,7,1,4
94,8,1,3
94,9,2,4
94,10,1,5
94,11,1,1
94,12,0,2
94,13,2,1
94,15,0,2
94,16,2,0
94,17,1,5
94,18,2,5
94,19,1,0
94,20,0,1
94,21,0,1
94,22,0,4
94,24,0,4
94,25,2,5
94,26,2,2
94,27,2,1
94,29,0,5
95,0,1,1
95,1,0,5
95,2,2,1
95,3,2,3
95,4,1,4
95,5,1,1
95,6,0,5
95,7,2,5
95,9,0,2
95,10,0,3
95,13,1,5
95,14,0,4
95,15,0,5
95,16,0,0
95,17,2,2
95,19,0,4
95,20,0,4
95,21,2,5
95,22,1,1
95,23,0,3
95,24,0,0
95,25,1,4
95,26,1,4
95,27,2,3
95,28,2,3
95,29,2,5
96,0,2,5
96,1,2,4
96,2,1,4
96,3,2,3
96,5,0,1
96,6,0,3
96,7,0,0
96,8,2,2
96,9,1,5
96,10,2,5
96,11,1,5
96,13,0,0
96,14,2,5
96,16,0,4
96,17,2,0
96,18,1,5
96,20,1,1
96,21,2,3
96,22,2,5
96,25,2,1
96,26,2,5
96,27,2,5
96,28,1,0
96,29,2,4
97,0,0,3
97,1,0,1
97,2,0,1
97,3,2,5
97,4,1,5
97,6,1,3
97,8,2,3
97,11,1,1
97,12,0,0
97,13,0,5
97,14,0,0
97,15,0,3
97,16,2,3
97,17,2,2
97,18,1,5
97,19,0,4
97,20,0,2
97,21,1,3
97,22,2,3
97,23,1,2
97,24,2,5
97,26,1,5
97,27,0,5
97,29,0,3
98,0,0,4
98,2,0,4
98,3,2,3
98,4,1,3
98,6,1,4
98,7,2,1
98,8,2,2
98,9,2,1
98,10,2,2
98,11,2,3
98,13,1,3
98,14,1,5
98,15,2,3
98,16,1,0
98,17,1,0
98,18,0,3
98,19,1,0
98,20,2,3
98,21,1,0
98,22,0,4
98,23,2,1
98,24,2,3
98,25,1,1
98,26,2,5
98,27,2,4
98,28,1,1
98,29,1,5
99,0,1,1
99,1,0,0
99,2,0,4
99,3,0,3
99,4,2,3
99,5,2,0
99,6,2,4
99,7,2,2
99,8,2,1
99,9,1,5
99,10,2,1
99,11,1,3
99,12,0,2
99,13,2,3
99,15,2,3
99,16,2,3
99,18,2,2
99,20,2,3
99,21,2,3
99,23,1,2
99,24,2,1
99,25,2,5
99,26,1,1
99,27,0,5
99,28,2,3
100,0,0,2
100,1,0,1
100,2,0,4
100,4,0,0
100,5,1,3
100,6,0,0
100,7,0,4
100,8,2,3
100,11,0,2
100,12,2,4
100,13,2,3
100,14,2,3
100,15,2,2
100,16,2,0
100,17,2,5
100,18,2,3
100,19,1,5
100,20,0,0
100,23,0,0
100,24,0,5
100,25,0,3
100,26,1,0
100,27,0,4
100,28,0,3
100,29,2,3
101,0,2,0
101,1,2,4
101,3,0,3
101,4,2,3
101,6,0,0
101,7,2,3
101,8,2,5
101,9,1,4
101,10,2,5
101,11,2,0
101,12,2,1
101,14,1,4
101,15,0,3
101,16,0,3
101,18,2,0
101,19,1,0
101,20,2,4
101,21,2,2
101,22,2,4
101,24,1,1
101,26,1,0
101,27,0,0
101,28,0,3
101,29,2,2
102,0,1,4
102,1,2,2
102,2,1,3
102,3,1,0
102,5,0,0
102,6,0,4
102,7,0,4
102,8,0,4
102,9,2,2
102,10,1,1
102,11,0,4
102,12,0,3
102,13,2,4
102,14,2,1
102,15,1,5
102,16,0,1
102,17,0,2
102,18,0,2
102,19,1,0
102,20,2,3
102,21,1,5
102,22,2,5
102,24,0,5
102,25,0,4
102,26,0,4
102,28,2,1
102,29,2,4
103,0,0,4
103,1,2,1
103,2,1,2
103,3,0,4
103,4,2,2
103,6,2,3
103,8,0,5
103,9,0,1
103,10,1,5
103,11,1,2
103,12,0,0
103,14,0,2
103,15,2,2
103,16,1,4
103,17,1,5
103,18,0,4
103,19,0,4
103,20,0,4
103,21,2,4
103,22,2,0
103,23,1,3
103,25,1,1
103,26,0,4
103,29,0,3
104,0,2,0
104,1,1,5
104,2,0,0
104,3,0,1
104,4,2,5
104,6,1,4
104,7,0,4
104,8,0,3
104,10,0,3
104,11,0,0
104,12,0,4
104,13,2,3
104,14,1,3
104,15,0,3
104,16,0,3
104,17,0,4
104,18,0,4
104,19,0,3
104,20,1,0
104,21,0,4
104,23,1,0
104,24,1,3
104,25,2,3
104,27,0,3
104,28,0,4
104,29,1,3
105,0,0,2
105,1,0,4
105,2,0,5
105,3,2,0
105,5,1,2
105,6,2,3
105,9,0,0
105,10,0,4
105,11,1,2
105,12,2,5
105,13,2,3
105,14,1,3
105,15,0,4
105,16,0,0
105,18,0,4
105,19,1,4
105,20,0,4
105,21,1,5
105,22,1,0
105,23,2,5
105,24,2,4
105,25,1,4
105,26,1,1
105,27,0,4
105,29,1,1
106,0,2,5
106,1,1,2
106,2,1,0
106,3,1,0
106,4,0,4
106,5,1,4
106,6,1,4
106,7,1,3
106,8,0,1
106,9,1,5
106,10,1,2
106,12,0,3
106,13,0,3
106,15,2,5
106,16,1,4
106,17,0,5
106,18,1,0
106,19,0,5
106,21,1,0
106,22,2,3
106,23,2,4
106,24,1,4
106,25,0,4
106,27,1,5
106,28,0,3
106,29,2,3
107,0,2,2
107,1,2,4
107,3,0,0
107,4,0,5
107,5,1,0
107,6,0,5
107,8,1,5
107,10,0,4
107,11,0,5
107,12,1,0
107,13,0,4
107,14,0,3
107,15,0,4
107,16,1,5
107,17,0,4
107,18,0,4
107,19,1,1
107,20,0,5
107,21,0,3
107,22,0,5
107,24,2,1
107,25,2,4
107,26,1,4
107,27,0,1
107,28,0,2
107,29,1,2
108,0,2,5
108,1,1,4
108,2,0,3
108,3,2,1
108,4,1,1
108,5,1,5
108,6,0,0
108,7,2,1
108,9,0,3
108,10,0,4
108,11,2,4
108,12,1,2
108,13,0,4
108,14,2,2
108,15,2,4
108,16,2,2
108,17,2,5
108,19,2,3
108,21,2,2
108,22,2,5
108,23,1,3
108,24,2,5
108,26,0,2
108,27,2,1
108,28,2,1
108,29,2,5
109,0,1,1
109,1,1,0
109,2,2,3
109,3,2,5
109,4,1,5
109,5,0,4
109,6,1,1
109,7,0,4
109,8,0,4
109,9,1,0
109,11,1,0
109,12,1,0
109,13,2,2
109,14,1,1
109,16,0,4
109,17,0,4
109,18,0,1
109,19,1,0
109,20,0,2
109,21,1,4
109,22,2,2
109,23,2,5
109,25,1,3
109,26,0,5
109,27,2,0
109,29,1,4
110,0,0,1
110,1,0,3
110,2,1,4
110,3,1,4
110,4,0,5
110,5,1,5
110,7,2,3
110,8,2,2
110,9,1,3
110,10,0,1
110,11,0,3
110,14,0,4
110,15,2,3
110,16,2,3
110,17,1,1
110,18,1,3
110,19,1,0
110,20,0,1
110,21,0,5
110,22,2,2
110,23,1,4
110,24,1,0
110,25,1,2
110,26,0,2
110,28,1,5
110,29,0,2
111,0,1,1
111,1,0,1
111,2,2,0
111,3,1,0
111,4,1,1
111,5,0,0
111,7,1,4
111,8,0,4
111,9,2,5
111,10,1,4
111,11,1,1
111,12,0,2
111,13,0,4
111,14,0,3
111,15,0,3
111,17,1,4
111,19,2,4
111,20,2,5
111,21,1,4
111,22,1,3
111,23,0,3
111,24,1,4
111,25,1,0
111,26,0,5
111,27,2,5
111,28,1,0
111,29,0,1
112,1,2,0
112,2,2,4
112,4,0,1
112,6,0,0
112,7,1,5
112,8,0,0
112,9,1,1
112,10,2,2
112,11,2,4
112,12,1,0
112,14,0,0
112,15,0,4
112,16,0,5
112,17,0,4
112,18,2,2
112,19,1,3
112,20,1,3
112,21,0,5
112,22,2,0
112,23,1,4
112,24,2,2
112,26,2,1
112,27,1,1
112,28,0,4
112,29,2,2
113,1,2,2
113,2,2,5
113,3,1,2
113,4,2,4
113,7,0,2
113,8,0,0
113,9,1,1
113,10,2,5
113,11,2,2
113,12,1,3
113,13,0,4
113,14,0,1
113,15,1,4
113,16,0,4
113,17,2,4
113,18,2,1
113,19,2,2
113,20,2,4
113,22,0,0
113,23,1,1
113,24,0,3
113,25,0,4
113,26,2,2
113,27,1,4
113,29,1,1
114,0,1,0
114,1,1,2
114,2,2,5
114,3,1,2
114,4,2,2
114,5,2,1
114,6,1,4
114,7,1,4
114,8,2,1
114,9,2,1
114,10,1,4
114,11,0,1
114,12,0,3
114,14,2,4
114,15,1,0
114,16,0,0
114,17,1,5
114,19,2,5
114,20,1,4
114,21,2,3
114,22,1,0
114,23,1,2
114,24,1,1
114,25,1,5
114,26,2,0
114,27,1,1
114,28,1,1
115,0,1,4
115,1,0,2
115,2,2,4
115,3,2,2
115,4,1,4
115,5,1,4
115,6,0,4
115,8,2,0
115,9,2,4
115,10,1,5
115,11,1,4
115,12,1,4
115,13,0,3
115,14,2,1
115,15,1,4
115,16,0,1
115,17,0,5
115,18,0,4
115,19,1,4
115,20,1,4
115,21,2,3
115,22,1,0
115,23,2,4
115,24,2,5
115,25,2,4
115,28,0,5
115,29,2,2
116,1,0,4
116,2,2,5
116,3,1,2
116,4,2,5
116,5,2,3
116,7,1,5
116,8,2,1
116,9,1,4
116,10,1,2
116,11,0,5
116,12,1,4
116,13,1,4
116,14,0,4
116,15,1,4
116,16,0,4
116,17,0,4
116,18,1,4
116,19,2,3
116,20,2,2
116,22,0,3
116,23,0,0
116,24,0,1
116,25,0,2
116,26,2,5
116,27,2,0
116,28,1,2
116,29,0,2
117,0,2,2
117,1,1,0
117,2,2,3
117,3,1,4
117,4,1,4
117,5,0,2
117,6,2,4
117,7,2,4
117,9,0,3
117,11,0,3
117,12,1,4
117,13,2,0
117,14,1,1
117,15,0,4
117,16,0,2
117,18,1,0
117,19,0,2
117,21,2,2
117,22,2,5
117,24,0,4
117,25,0,0
117,26,1,4
117,27,0,0
117,28,0,5
117,29,0,0
118,1,0,5
118,2,1,3
118,4,0,2
118,5,2,1
118,6,2,1
118,7,1,3
118,8,0,0
118,9,1,0
118,10,1,0
118,11,0,1
118,12,2,3
118,13,1,1
118,14,1,5
118,16,1,2
118,18,1,1
118,19,0,4
118,20,1,4
118,21,0,0
118,22,1,3
118,24,2,5
118,25,2,1
118,26,2,3
118,28,0,4
118,29,0,4
119,0,2,0
119,1,1,5
119,2,2,2
119,3,2,4
119,5,0,1
119,6,2,4
119,7,2,3
119,9,2,2
119,10,2,3
119,11,2,3
119,12,1,4
119,13,2,4
119,15,2,4
119,17,0,2
119,18,2,3
119,20,2,2
119,21,2,1
119,22,1,4
119,24,1,3
119,25,2,0
119,26,2,3
119,27,1,5
119,28,0,0
119,29,2,2
120,0,1,4
120,2,1,0
120,3,1,1
120,4,2,4
120,6,2,3
120,8,2,4
120,10,1,0
120,11,1,0
120,12,2,5
120,13,2,2
120,14,1,5
120,15,2,2
120,16,2,4
120,17,2,1
120,18,1,3
120,19,2,4
120,20,2,3
120,22,1,0
120,23,0,2
120,24,2,0
120,25,2,0
120,26,1,4
120,27,2,4
120,28,2,1
121,0,1,0
121,2,0,2
121,3,0,3
121,4,0,1
121,5,1,1
121,6,0,5
121,7,1,5
121,8,0,4
121,10,2,1
121,12,2,4
121,14,2,3
121,15,2,4
121,16,2,1
121,17,1,2
121,18,2,4
121,19,2,2
121,20,2,4
121,21,1,1
121,22,2,2
121,23,1,4
121,24,1,1
121,25,1,4
121,27,2,2
121,28,1,3
121,29,0,2
122,0,1,3
122,1,0,2
122,2,2,2
122,4,0,5
122,5,0,2
122,6,2,2
122,7,2,4
122,10,1,0
122,11,0,4
122,12,0,3
122,13,2,2
122,14,1,1
122,15,0,0
122,16,0,2
122,17,0,0
122,18,1,0
122,19,0,3
122,21,2,2
122,22,1,2
122,25,2,4
122,26,1,1
122,27,1,3
122,28,2,2
122,29,1,4
123,0,2,4
123,2,1,4
123,3,2,4
123,4,1,1
123,5,1,5
123,6,2,4
123,7,2,2
123,9,1,4
123,10,2,0
123,12,1,5
123,13,1,4
123,14,1,1
123,16,0,4
123,17,2,2
123,19,2,2
123,21,1,0
123,22,0,4
123,23,0,2
123,24,2,2
123,25,1,5
123,26,0,4
123,27,1,2
123,28,0,4
123,29,1,4
124,0,2,2
124,1,1,5
124,2,2,4
124,3,1,5
124,6,2,1
124,7,2,2
124,8,2,4
124,9,1,0
124,10,0,2
124,11,2,4
124,13,1,4
124,14,2,2
124,15,1,2
124,17,1,3
124,18,1,4
124,19,0,5
124,20,1,1
124,21,2,4
124,22,2,4
124,23,2,3
124,24,2,4
124,26,0,1
124,27,1,4
124,28,0,4
124,29,0,5
125,0,0,1
125,1,1,5
125,2,0,1
125,3,0,4
125,4,0,4
125,5,0,3
125,6,0,2
125,7,1,0
125,8,1,5
125,9,2,5
125,10,2,4
125,11,2,5
125,12,2,2
125,13,2,2
125,14,2,4
125,15,1,0
125,16,0,3
125,19,0,1
125,20,0,3
125,21,1,5
125,22,1,4
125,23,2,4
125,25,2,4
125,26,1,5
125,27,0,3
125,28,1,0
126,0,0,0
126,1,2,0
126,2,2,5
126,3,2,5
126,4,2,1
126,5,2,0
126,6,1,5
126,7,0,5
126,8,0,5
126,9,2,4
126,10,2,3
126,12,0,5
126,13,0,1
126,14,2,4
126,15,1,1
126,16,0,5
126,18,2,5
126,19,2,2
126,20,1,1
126,21,0,0
126,23,0,1
126,24,1,0
126,25,1,2
126,26,1,3
126,27,1,4
126,28,0,1
126,29,0,0
127,0,1,3
127,1,2,3
127,2,2,1
127,3,2,5
127,4,1,1
127,5,2,5
127,6,1,5
127,8,0,3
127,9,0,5
127,11,2,3
127,12,1,3
127,13,0,4
127,14,0,1
127,15,2,4
127,16,2,4
127,17,2,2
127,18,2,1
127,20,0,1
127,21,1,5
127,22,0,0
127,23,0,3
127,25,2,3
127,27,1,3
127,28,0,3
127,29,1,5
128,1,0,4
128,2,0,5
128,3,0,4
128,4,1,0
128,5,2,2
128,6,1,1
128,7,0,5
128,8,1,2
128,10,2,3
128,11,2,4
128,12,2,4
128,13,1,0
128,14,0,3
128,16,2,4
128,17,2,5
128,18,2,2
128,19,1,5
128,20,0,5
128,21,0,3
128,22,0,0
128,23,1,5
128,24,0,3
128,25,1,0
128,26,0,3
128,27,2,2
128,28,2,4
128,29,1,4
129,0,0,2
129,1,0,3
129,2,1,2
129,3,1,4
129,4,2,3
129,5,1,1
129,6,0,2
129,7,1,4
129,8,0,2
129,9,0,2
129,10,0,0
129,11,1,2
129,12,1,5
129,13,0,1
129,14,2,5
129,15,2,3
129,16,2,2
129,18,2,4
129,19,2,2
129,20,1,2
129,22,0,3
129,23,1,1
129,24,1,1
129,26,0,3
129,27,0,5
129,28,1,1
129,29,2,1
130,0,1,5
130,1,1,0
130,2,0,1
130,3,2,3
130,4,2,4
130,6,0,2
130,7,0,5
130,8,0,1
130,9,1,4
130,10,0,0
130,11,0,4
130,12,1,5
130,13,2,4
130,14,2,0
130,16,1,5
130,17,0,5
130,18,0,5
130,19,0,3
130,20,2,4
130,21,1,5
130,22,0,4
130,23,0,2
130,24,0,4
130,25,0,2
130,26,2,4
130,29,2,3
131,0,2,1
131,1,1,3
131,2,2,4
131,3,1,5
131,4,0,5
131,5,1,4
131,6,0,3
131,9,0,4
131,10,0,1
131,11,2,2
131,12,1,5
131,13,0,0
131,14,2,2
131,16,1,1
131,18,0,3
131,19,0,0
131,20,1,5
131,22,0,4
131,23,0,3
131,24,2,5
131,26,1,5
131,27,0,2
131,28,0,1
131,29,0,5
132,0,0,3
132,1,0,5
132,2,0,4
132,3,2,2
132,5,0,4
132,6,1,1
132,9,0,5
132,10,0,1
132,11,2,3
132,13,2,2
132,14,2,2
132,15,2,4
132,16,1,3
132,17,1,5
132,18,1,4
132,19,1,4
132,20,0,2
132,21,0,3
132,22,2,3
132,23,1,0
132,24,2,4
132,25,2,3
132,26,1,0
132,27,2,4
132,28,2,1
132,29,2,3
133,0,0,5
133,5,0,5
133,6,1,0
133,7,1,2
133,8,1,5
133,9,1,1
133,10,2,3
133,11,1,5
133,12,0,1
133,14,0,5
133,15,0,4
133,16,0,2
133,17,0,3
133,18,0,3
133,19,2,5
133,20,2,2
133,21,1,3
133,22,0,2
133,24,0,0
133,25,0,3
133,26,0,1
133,27,1,2
133,28,1,2
133,29,0,5
134,0,2,4
134,1,2,1
134,3,2,3
134,4,2,0
134,5,2,2
134,6,2,2
134,8,0,1
134,9,1,5
134,10,0,5
134,13,2,5
134,14,1,2
134,15,2,2
134,16,1,1
134,17,0,0
134,18,0,5
134,19,0,0
134,20,0,4
134,21,0,4
134,22,0,1
134,23,0,2
134,24,1,0
134,25,2,0
134,26,2,4
134,27,2,2
134,28,2,0
134,29,2,0
135,0,0,2
135,1,2,4
135,2,1,5
135,3,1,5
135,4,0,2
135,5,2,1
135,8,0,1
135,9,1,5
135,10,2,2
135,13,2,5
135,14,1,2
135,15,0,1
135,16,0,5
135,17,1,5
135,18,1,2
135,19,2,3
135,20,2,1
135,21,2,5
135,22,1,4
135,23,2,1
135,25,0,2
135,26,0,5
135,27,1,1
135,28,0,4
136,0,2,1
136,1,1,2
136,2,1,4
136,3,0,0
136,4,0,3
136,5,1,2
136,6,0,1
136,7,2,2
136,9,1,4
136,10,1,5
136,12,0,5
136,13,1,1
136,14,0,1
136,15,1,0
136,16,2,5
136,17,2,3
136,18,1,0
136,19,0,4
136,20,2,2
136,23,0,3
136,24,0,4
136,25,0,0
136,26,1,5
136,27,2,5
136,28,2,2
136,29,1,3
137,0,0,5
137,2,0,2
137,3,0,3
137,5,1,0
137,6,0,4
137,8,1,4
137,9,1,2
137,10,0,5
137,11,2,3
137,13,2,0
137,15,1,1
137,16,1,4
137,17,1,3
137,18,0,5
137,19,1,4
137,20,1,0
137,21,1,2
137,22,1,5
137,23,0,1
137,24,1,1
137,26,0,5
137,27,0,5
137,28,0,3
137,29,0,3
138,0,2,5
138,1,2,4
138,3,0,4
138,4,1,2
138,5,1,4
138,7,0,5
138,8,2,2
138,9,2,5
138,10,1,5
138,11,0,3
138,12,2,4
138,13,1,5
138,14,0,5
138,15,1,4
138,16,2,5
138,17,2,1
138,18,2,2
138,19,1,5
138,20,1,4
138,21,0,3
138,22,0,4
138,23,0,5
138,24,0,3
138,25,0,2
138,27,0,3
138,28,0,5
138,29,1,4
139,0,0,4
139,1,1,5
139,2,1,5
139,3,2,4
139,5,1,4
139,6,1,2
139,7,2,2
139,8,2,0
139,9,2,5
139,10,1,5
139,11,2,1
139,12,1,4
139,13,0,5
139,14,0,3
139,15,1,3
139,16,1,5
139,17,0,1
139,18,2,3
139,19,1,3
139,20,0,3
139,21,1,4
139,22,1,5
139,24,2,1
139,25,2,5
139,26,1,2
139,28,2,0
140,1,2,3
140,2,1,2
140,3,0,4
140,4,0,3
140,5,0,4
140,6,0,5
140,7,0,4
140,8,0,4
140,9,0,1
140,10,0,0
140,11,1,0
140,12,0,0
140,13,0,3
140,14,0,0
140,15,0,0
140,16,1,5
140,18,0,0
140,19,1,5
140,20,1,0
140,21,2,2
140,22,2,3
140,23,2,1
140,24,2,3
140,25,2,2
140,26,2,1
140,27,2,5
140,28,2,5
141,0,0,3
141,1,0,4
141,2,2,4
141,3,1,4
141,4,1,3
141,5,0,5
141,6,0,1
141,9,2,3
141,10,1,4
141,11,0,5
141,12,1,4
141,13,2,5
141,14,1,2
141,15,2,5
141,16,2,1
141,17,1,4
141,19,0,5
141,20,0,1
141,21,1,5
141,22,1,4
141,23,0,1
141,24,0,1
141,25,0,1
141,26,2,4
141,29,0,0
142,0,0,5
142,1,2,5
142,2,1,0
142,3,1,1
142,5,0,5
142,6,1,3
142,7,0,2
142,8,2,5
142,9,2,2
142,10,1,3
142,11,2,4
142,12,1,5
142,13,0,3
142,14,1,5
142,15,0,2
142,16,2,5
142,17,2,4
142,18,1,1
142,19,2,4
142,20,1,5
142,21,0,1
142,22,1,0
142,23,1,1
142,25,1,3
142,26,1,5
142,29,1,0
143,0,2,0
143,1,2,1
143,3,0,1
143,4,2,5
143,5,1,5
143,6,1,5
143,7,0,3
143,8,1,2
143,9,0,5
143,10,0,0
143,11,0,4
143,13,0,0
143,15,0,0
143,16,2,2
143,17,2,3
143,18,2,2
143,19,1,5
143,20,2,4
143,21,1,1
143,22,1,2
143,23,2,3
143,26,0,4
143,28,1,4
143,29,1,5
144,0,1,5
144,1,1,1
144,3,0,1
144,5,0,4
144,6,0,1
144,8,0,5
144,9,2,1
144,11,1,4
144,12,2,4
144,14,0,2
144,15,2,3
144,16,1,5
144,17,0,1
144,18,1,5
144,19,2,0
144,20,1,0
144,21,1,4
144,22,1,5
144,23,2,2
144,24,1,4
144,25,0,1
144,26,0,5
144,28,1,0
144,29,0,1
145,0,2,4
145,1,2,4
145,2,1,0
145,4,0,0
145,5,2,4
145,6,1,0
145,7,1,3
145,8,2,4
145,10,2,0
145,11,1,5
145,12,2,0
145,13,1,5
145,14,1,4
145,15,0,1
145,17,0,5
145,18,1,4
145,20,2,5
145,21,2,3
145,22,2,1
145,23,1,4
145,24,1,5
145,25,0,5
145,26,0,1
145,27,1,1
145,28,0,5
145,29,2,1
146,0,0,1
146,1,1,4
146,2,0,4
146,3,0,0
146,4,2,1
146,5,2,1
146,6,1,0
146,7,0,1
146,9,2,3
146,11,2,5
146,13,0,5
146,14,1,0
146,16,0,5
146,17,0,3
146,18,2,1
146,19,1,4
146,20,0,3
146,21,1,4
146,22,1,2
146,23,1,1
146,24,2,2
146,25,1,5
146,26,0,3
146,27,0,1
146,28,0,0
146,29,2,2
147,0,1,2
147,1,1,4
147,2,0,0
147,3,1,5
147,4,2,5
147,5,1,2
147,6,1,3
147,7,1,5
147,8,0,4
147,9,0,2
147,10,1,4
147,12,0,5
147,13,1,5
147,14,0,3
147,15,0,2
147,16,0,4
147,17,0,4
147,19,0,3
147,20,2,0
147,21,2,2
147,22,2,1
147,23,1,4
147,24,0,5
147,25,0,4
147,26,1,5
147,27,0,1
147,28,1,5
148,1,1,1
148,2,2,2
148,3,1,5
148,4,0,1
148,5,2,4
148,7,1,3
148,8,2,4
148,9,2,2
148,10,1,0
148,11,2,5
148,12,2,0
148,13,2,4
148,14,1,0
148,15,2,2
148,16,2,4
148,18,1,2
148,19,2,0
148,20,1,0
148,21,0,5
148,22,0,3
148,23,1,2
148,24,1,0
148,25,0,0
148,26,2,1
148,27,1,0
148,28,2,5
148,29,2,0
149,1,2,3
149,3,2,4
149,4,1,1
149,5,2,5
149,6,2,3
149,7,2,1
149,8,2,3
149,9,2,5
149,10,1,5
149,11,2,5
149,12,1,5
149,14,2,0
149,15,1,4
149,17,1,2
149,18,0,0
149,19,0,3
149,20,2,5
149,22,0,0
149,23,1,5
149,24,0,4
149,25,0,4
149,27,0,4
149,28,1,5
149,29,0,4
150,1,1,1
150,2,0,3
150,3,0,5
150,4,2,3
150,5,1,3
150,6,2,0
150,7,1,1
150,9,2,3
150,10,2,3
150,11,1,2
150,12,0,4
150,13,2,1
150,14,1,0
150,15,0,5
150,16,2,0
150,17,1,1
150,18,2,5
150,20,0,4
150,21,1,2
150,22,0,1
150,23,0,1
150,24,0,3
150,25,0,2
150,27,2,5
150,28,2,4
151,0,1,5
151,2,1,0
151,3,1,0
151,4,2,2
151,5,2,4
151,6,1,1
151,7,0,1
151,8,0,3
151,9,0,1
151,10,1,1
151,11,1,5
151,12,2,1
151,14,2,5
151,15,1,5
151,16,0,0
151,17,2,0
151,19,2,5
151,20,2,1
151,21,2,4
151,23,1,4
151,24,1,5
151,25,2,3
151,27,1,0
151,28,0,2
151,29,1,0
